{
  "hash": "a8aeb7b7",
  "configHash": "27219d6a",
  "lockfileHash": "efb4f993",
  "browserHash": "5b0f801c",
  "optimized": {
    "@angular/core": {
      "src": "../../../../../node_modules/@angular/core/fesm2022/core.mjs",
      "file": "@angular_core.js",
      "fileHash": "f0136001",
      "needsInterop": false
    },
    "@angular/platform-browser": {
      "src": "../../../../../node_modules/@angular/platform-browser/fesm2022/platform-browser.mjs",
      "file": "@angular_platform-browser.js",
      "fileHash": "0408b7e5",
      "needsInterop": false
    },
    "@angular/platform-browser/animations/async": {
      "src": "../../../../../node_modules/@angular/platform-browser/fesm2022/animations/async.mjs",
      "file": "@angular_platform-browser_animations_async.js",
      "fileHash": "8b08d5bc",
      "needsInterop": false
    },
    "@angular/router": {
      "src": "../../../../../node_modules/@angular/router/fesm2022/router.mjs",
      "file": "@angular_router.js",
      "fileHash": "b0177213",
      "needsInterop": false
    }
  },
  "chunks": {
    "chunk-G5IKGK2J": {
      "file": "chunk-G5IKGK2J.js"
    },
    "browser-IZU2IWNM": {
      "file": "browser-IZU2IWNM.js"
    },
    "chunk-O36YUVF3": {
      "file": "chunk-O36YUVF3.js"
    },
    "chunk-7XNSWP76": {
      "file": "chunk-7XNSWP76.js"
    }
  }
}